product_id,name,category,seller_id,active,unit_cost
1,Produto Laticínios Linha 1,Snacks,31,True,104.39
2,Produto Grãos Linha 2,Carnes,71,True,153.19
3,Produto Enlatados Linha 3,Grãos,9,False,90.57
4,Produto Snacks Linha 4,Bebidas,13,True,158.39
5,Produto Carnes Linha 5,Grãos,58,True,124.43
6,Produto Grãos Linha 6,Snacks,3,True,24.39
7,Produto Higiene Linha 7,Limpeza,35,True,32.95
8,Produto Padaria Linha 8,Limpeza,97,True,88.53
9,Produto Congelados Linha 9,Laticínios,21,True,80.58
10,Produto Laticínios Linha 10,Limpeza,64,True,149.22
11,Produto Laticínios Linha 11,Laticínios,95,True,116.99
12,Produto Snacks Linha 12,Carnes,52,True,78.85
13,Produto Snacks Linha 13,Carnes,34,True,35.81
14,Produto Limpeza Linha 14,Snacks,96,True,46.91
15,Produto Padaria Linha 15,Higiene,35,False,115.95
16,Produto Grãos Linha 16,Enlatados,15,True,85.84
17,Produto Enlatados Linha 17,Carnes,120,True,103.96
18,Produto Enlatados Linha 18,Laticínios,96,True,35.79
19,Produto Bebidas Linha 19,Padaria,6,True,133.26
20,Produto Laticínios Linha 20,Limpeza,109,True,170.8
21,Produto Higiene Linha 21,Higiene,85,True,53.07
22,Produto Higiene Linha 22,Laticínios,97,True,99.32
23,Produto Higiene Linha 23,Limpeza,32,True,195.15
24,Produto Congelados Linha 24,Snacks,52,True,67.98
25,Produto Limpeza Linha 25,Grãos,83,True,119.82
26,Produto Enlatados Linha 26,Bebidas,97,True,19.86
27,Produto Higiene Linha 27,Snacks,28,True,121.99
28,Produto Limpeza Linha 28,Snacks,95,True,19.75
29,Produto Laticínios Linha 29,Enlatados,85,True,191.93
30,Produto Bebidas Linha 30,Carnes,118,True,143.7
31,Produto Laticínios Linha 31,Limpeza,98,True,158.06
32,Produto Grãos Linha 32,Higiene,64,False,141.41
33,Produto Padaria Linha 33,Padaria,79,True,118.77
34,Produto Snacks Linha 34,Congelados,78,True,91.08
35,Produto Grãos Linha 35,Higiene,19,False,171.96
36,Produto Padaria Linha 36,Congelados,107,True,191.45
37,Produto Snacks Linha 37,Bebidas,15,True,100.81
38,Produto Enlatados Linha 38,Grãos,6,True,186.44
39,Produto Higiene Linha 39,Limpeza,116,True,117.5
40,Produto Laticínios Linha 40,Carnes,73,False,108.6
41,Produto Grãos Linha 41,Bebidas,101,True,91.99
42,Produto Congelados Linha 42,Padaria,84,True,43.44
43,Produto Snacks Linha 43,Higiene,98,True,2.74
44,Produto Snacks Linha 44,Higiene,38,True,49.82
45,Produto Enlatados Linha 45,Grãos,26,True,102.93
46,Produto Snacks Linha 46,Enlatados,82,True,77.23
47,Produto Congelados Linha 47,Limpeza,92,True,90.8
48,Produto Enlatados Linha 48,Bebidas,119,True,196.17
49,Produto Bebidas Linha 49,Higiene,51,False,71.35
50,Produto Snacks Linha 50,Grãos,73,True,91.53
51,Produto Laticínios Linha 51,Laticínios,96,True,28.44
52,Produto Snacks Linha 52,Limpeza,53,True,11.5
53,Produto Laticínios Linha 53,Congelados,56,True,155.53
54,Produto Snacks Linha 54,Bebidas,59,True,115.0
55,Produto Laticínios Linha 55,Carnes,70,False,152.62
56,Produto Laticínios Linha 56,Snacks,78,True,31.67
57,Produto Padaria Linha 57,Bebidas,92,True,115.22
58,Produto Limpeza Linha 58,Snacks,58,True,52.22
59,Produto Snacks Linha 59,Bebidas,88,True,47.16
60,Produto Snacks Linha 60,Higiene,13,True,4.28
61,Produto Enlatados Linha 61,Enlatados,43,True,27.81
62,Produto Enlatados Linha 62,Padaria,76,True,63.24
63,Produto Bebidas Linha 63,Grãos,51,True,25.14
64,Produto Limpeza Linha 64,Enlatados,19,True,197.2
65,Produto Grãos Linha 65,Enlatados,21,False,63.11
66,Produto Grãos Linha 66,Bebidas,91,True,27.8
67,Produto Snacks Linha 67,Higiene,83,True,41.42
68,Produto Congelados Linha 68,Enlatados,24,True,118.37
69,Produto Bebidas Linha 69,Limpeza,26,True,14.68
70,Produto Enlatados Linha 70,Limpeza,45,False,172.76
71,Produto Enlatados Linha 71,Congelados,28,True,192.38
72,Produto Bebidas Linha 72,Enlatados,110,True,50.86
73,Produto Padaria Linha 73,Enlatados,120,True,91.12
74,Produto Snacks Linha 74,Limpeza,82,True,6.38
75,Produto Carnes Linha 75,Carnes,108,True,128.86
76,Produto Bebidas Linha 76,Limpeza,100,True,83.96
77,Produto Limpeza Linha 77,Higiene,106,True,55.47
78,Produto Laticínios Linha 78,Congelados,29,True,42.95
79,Produto Higiene Linha 79,Padaria,17,True,131.5
80,Produto Enlatados Linha 80,Grãos,68,True,84.41
81,Produto Bebidas Linha 81,Higiene,44,True,37.57
82,Produto Grãos Linha 82,Higiene,109,True,138.44
83,Produto Higiene Linha 83,Laticínios,61,True,113.88
84,Produto Limpeza Linha 84,Grãos,93,True,172.02
85,Produto Limpeza Linha 85,Laticínios,68,True,25.26
86,Produto Limpeza Linha 86,Limpeza,74,True,157.56
87,Produto Padaria Linha 87,Congelados,25,True,135.36
88,Produto Higiene Linha 88,Laticínios,95,True,24.77
89,Produto Grãos Linha 89,Bebidas,67,True,139.57
90,Produto Bebidas Linha 90,Carnes,111,True,89.43
91,Produto Limpeza Linha 91,Laticínios,2,True,189.11
92,Produto Grãos Linha 92,Padaria,89,True,30.04
93,Produto Higiene Linha 93,Laticínios,49,True,129.28
94,Produto Carnes Linha 94,Carnes,70,True,77.63
95,Produto Padaria Linha 95,Limpeza,26,True,191.45
96,Produto Congelados Linha 96,Laticínios,72,True,67.34
97,Produto Congelados Linha 97,Carnes,99,True,192.51
98,Produto Limpeza Linha 98,Snacks,27,True,180.49
99,Produto Enlatados Linha 99,Padaria,89,True,55.54
100,Produto Limpeza Linha 100,Laticínios,18,True,161.1
101,Produto Carnes Linha 101,Laticínios,54,True,199.13
102,Produto Grãos Linha 102,Bebidas,1,True,52.03
103,Produto Laticínios Linha 103,Bebidas,61,True,88.48
104,Produto Limpeza Linha 104,Limpeza,112,True,105.0
105,Produto Limpeza Linha 105,Snacks,103,True,60.4
106,Produto Snacks Linha 106,Laticínios,3,True,5.02
107,Produto Congelados Linha 107,Carnes,119,True,45.59
108,Produto Padaria Linha 108,Snacks,68,True,57.82
109,Produto Limpeza Linha 109,Grãos,41,True,89.83
110,Produto Higiene Linha 110,Limpeza,37,True,35.88
111,Produto Laticínios Linha 111,Laticínios,51,True,174.9
112,Produto Laticínios Linha 112,Snacks,15,True,141.57
113,Produto Enlatados Linha 113,Laticínios,8,True,18.87
114,Produto Limpeza Linha 114,Bebidas,38,False,130.72
115,Produto Snacks Linha 115,Carnes,114,True,131.42
116,Produto Grãos Linha 116,Padaria,83,True,191.33
117,Produto Carnes Linha 117,Laticínios,56,False,2.6
118,Produto Enlatados Linha 118,Carnes,47,True,51.09
119,Produto Padaria Linha 119,Laticínios,90,True,185.7
120,Produto Higiene Linha 120,Laticínios,103,True,186.56
121,Produto Grãos Linha 121,Bebidas,10,True,144.68
122,Produto Limpeza Linha 122,Enlatados,102,True,153.62
123,Produto Limpeza Linha 123,Padaria,78,True,20.11
124,Produto Grãos Linha 124,Padaria,49,True,103.75
125,Produto Limpeza Linha 125,Bebidas,41,True,47.85
126,Produto Carnes Linha 126,Laticínios,83,True,37.88
127,Produto Carnes Linha 127,Enlatados,30,True,162.44
128,Produto Limpeza Linha 128,Limpeza,5,True,28.74
129,Produto Bebidas Linha 129,Congelados,119,True,94.79
130,Produto Laticínios Linha 130,Padaria,95,True,187.84
131,Produto Padaria Linha 131,Grãos,71,False,38.79
132,Produto Snacks Linha 132,Padaria,83,True,195.64
133,Produto Higiene Linha 133,Grãos,31,True,198.87
134,Produto Congelados Linha 134,Snacks,52,True,112.01
135,Produto Congelados Linha 135,Carnes,103,True,35.69
136,Produto Higiene Linha 136,Grãos,88,True,64.59
137,Produto Congelados Linha 137,Higiene,98,False,86.05
138,Produto Congelados Linha 138,Snacks,23,True,63.25
139,Produto Carnes Linha 139,Bebidas,48,True,57.57
140,Produto Enlatados Linha 140,Grãos,109,True,194.5
141,Produto Snacks Linha 141,Carnes,40,True,32.37
142,Produto Laticínios Linha 142,Congelados,6,True,147.2
143,Produto Padaria Linha 143,Bebidas,38,True,2.08
144,Produto Laticínios Linha 144,Laticínios,41,True,120.04
145,Produto Laticínios Linha 145,Carnes,100,True,183.36
146,Produto Snacks Linha 146,Padaria,27,True,59.01
147,Produto Enlatados Linha 147,Higiene,75,True,38.73
148,Produto Higiene Linha 148,Carnes,69,True,131.03
149,Produto Carnes Linha 149,Congelados,57,True,143.1
150,Produto Limpeza Linha 150,Snacks,17,True,138.23
151,Produto Congelados Linha 151,Padaria,116,True,65.22
152,Produto Limpeza Linha 152,Laticínios,71,False,51.94
153,Produto Enlatados Linha 153,Laticínios,91,True,191.27
154,Produto Carnes Linha 154,Padaria,47,False,184.81
155,Produto Enlatados Linha 155,Carnes,79,True,92.55
156,Produto Laticínios Linha 156,Limpeza,110,False,169.55
157,Produto Higiene Linha 157,Padaria,13,True,91.56
158,Produto Snacks Linha 158,Carnes,11,False,86.03
159,Produto Snacks Linha 159,Enlatados,109,True,33.04
160,Produto Laticínios Linha 160,Snacks,90,True,86.43
161,Produto Limpeza Linha 161,Higiene,86,False,108.41
162,Produto Padaria Linha 162,Snacks,92,True,6.46
163,Produto Grãos Linha 163,Enlatados,24,True,89.93
164,Produto Bebidas Linha 164,Congelados,93,True,156.71
165,Produto Padaria Linha 165,Higiene,73,False,136.65
166,Produto Congelados Linha 166,Padaria,106,True,127.76
167,Produto Carnes Linha 167,Enlatados,4,True,182.09
168,Produto Higiene Linha 168,Higiene,113,True,5.57
169,Produto Bebidas Linha 169,Limpeza,46,True,112.3
170,Produto Grãos Linha 170,Padaria,120,True,157.9
171,Produto Padaria Linha 171,Congelados,18,True,109.18
172,Produto Padaria Linha 172,Bebidas,43,True,66.13
173,Produto Padaria Linha 173,Higiene,80,False,28.98
174,Produto Padaria Linha 174,Higiene,33,True,177.74
175,Produto Grãos Linha 175,Carnes,93,True,95.21
176,Produto Padaria Linha 176,Laticínios,103,True,175.87
177,Produto Carnes Linha 177,Bebidas,10,True,118.0
178,Produto Bebidas Linha 178,Laticínios,73,True,135.49
179,Produto Higiene Linha 179,Grãos,59,True,161.24
180,Produto Padaria Linha 180,Limpeza,31,True,132.51
181,Produto Bebidas Linha 181,Bebidas,28,True,80.81
182,Produto Snacks Linha 182,Snacks,60,True,103.7
183,Produto Grãos Linha 183,Enlatados,3,True,161.0
184,Produto Grãos Linha 184,Laticínios,118,True,75.98
185,Produto Enlatados Linha 185,Grãos,55,True,78.85
186,Produto Congelados Linha 186,Bebidas,14,True,20.95
187,Produto Congelados Linha 187,Laticínios,58,True,183.09
188,Produto Snacks Linha 188,Limpeza,89,True,20.03
189,Produto Padaria Linha 189,Snacks,15,True,130.35
190,Produto Enlatados Linha 190,Limpeza,2,True,83.81
191,Produto Carnes Linha 191,Snacks,24,True,82.31
192,Produto Congelados Linha 192,Laticínios,78,True,136.55
193,Produto Snacks Linha 193,Snacks,64,True,15.28
194,Produto Enlatados Linha 194,Higiene,112,True,119.55
195,Produto Snacks Linha 195,Limpeza,71,True,154.86
196,Produto Enlatados Linha 196,Grãos,100,True,165.99
197,Produto Higiene Linha 197,Limpeza,114,True,35.77
198,Produto Limpeza Linha 198,Grãos,24,True,179.69
199,Produto Higiene Linha 199,Limpeza,27,True,131.92
200,Produto Enlatados Linha 200,Grãos,37,True,176.61
201,Produto Limpeza Linha 201,Higiene,102,True,98.09
202,Produto Limpeza Linha 202,Grãos,94,True,109.32
203,Produto Padaria Linha 203,Limpeza,91,True,183.97
204,Produto Limpeza Linha 204,Congelados,39,True,180.18
205,Produto Congelados Linha 205,Padaria,63,True,90.74
206,Produto Limpeza Linha 206,Padaria,79,True,56.33
207,Produto Laticínios Linha 207,Snacks,26,True,79.85
208,Produto Carnes Linha 208,Carnes,65,True,78.78
209,Produto Limpeza Linha 209,Bebidas,120,True,58.8
210,Produto Padaria Linha 210,Limpeza,4,True,55.18
211,Produto Congelados Linha 211,Enlatados,29,True,172.49
212,Produto Snacks Linha 212,Grãos,1,True,15.83
213,Produto Carnes Linha 213,Grãos,107,True,136.17
214,Produto Laticínios Linha 214,Limpeza,50,True,36.22
215,Produto Congelados Linha 215,Enlatados,110,True,70.21
216,Produto Grãos Linha 216,Grãos,86,True,14.19
217,Produto Congelados Linha 217,Grãos,11,True,55.45
218,Produto Limpeza Linha 218,Grãos,74,True,154.15
219,Produto Laticínios Linha 219,Carnes,59,True,177.23
220,Produto Snacks Linha 220,Carnes,62,True,45.86
221,Produto Padaria Linha 221,Enlatados,81,False,93.78
222,Produto Limpeza Linha 222,Enlatados,36,True,95.12
223,Produto Congelados Linha 223,Bebidas,56,True,174.97
224,Produto Padaria Linha 224,Carnes,111,False,153.03
225,Produto Grãos Linha 225,Limpeza,90,True,103.59
226,Produto Higiene Linha 226,Enlatados,112,True,134.81
227,Produto Snacks Linha 227,Carnes,21,True,169.78
228,Produto Bebidas Linha 228,Enlatados,13,True,3.89
229,Produto Grãos Linha 229,Limpeza,9,True,81.77
230,Produto Snacks Linha 230,Bebidas,11,True,181.63
231,Produto Grãos Linha 231,Enlatados,75,True,148.58
232,Produto Grãos Linha 232,Carnes,70,True,109.48
233,Produto Snacks Linha 233,Carnes,1,False,106.87
234,Produto Enlatados Linha 234,Snacks,118,True,70.86
235,Produto Laticínios Linha 235,Carnes,70,True,105.06
236,Produto Carnes Linha 236,Padaria,77,True,131.77
237,Produto Bebidas Linha 237,Laticínios,86,True,84.84
238,Produto Congelados Linha 238,Bebidas,56,True,143.4
239,Produto Grãos Linha 239,Enlatados,31,False,172.52
240,Produto Congelados Linha 240,Grãos,86,True,32.63
241,Produto Bebidas Linha 241,Carnes,37,True,91.41
242,Produto Limpeza Linha 242,Higiene,47,True,82.79
243,Produto Grãos Linha 243,Limpeza,91,True,138.12
244,Produto Carnes Linha 244,Padaria,114,True,51.47
245,Produto Laticínios Linha 245,Bebidas,116,True,128.77
246,Produto Limpeza Linha 246,Grãos,78,True,175.74
247,Produto Laticínios Linha 247,Enlatados,47,True,84.79
248,Produto Higiene Linha 248,Carnes,69,True,182.38
249,Produto Snacks Linha 249,Higiene,58,True,198.65
250,Produto Higiene Linha 250,Congelados,36,True,23.01
251,Produto Bebidas Linha 251,Higiene,32,True,48.14
252,Produto Snacks Linha 252,Padaria,98,True,190.18
253,Produto Grãos Linha 253,Padaria,64,True,191.75
254,Produto Enlatados Linha 254,Grãos,71,False,21.35
255,Produto Carnes Linha 255,Snacks,42,False,4.97
256,Produto Enlatados Linha 256,Grãos,48,True,33.9
257,Produto Padaria Linha 257,Enlatados,74,True,199.21
258,Produto Grãos Linha 258,Enlatados,114,True,37.64
259,Produto Higiene Linha 259,Carnes,81,True,101.5
260,Produto Congelados Linha 260,Grãos,30,True,169.99
261,Produto Higiene Linha 261,Bebidas,21,True,6.04
262,Produto Limpeza Linha 262,Limpeza,60,True,121.69
263,Produto Padaria Linha 263,Laticínios,13,False,56.85
264,Produto Snacks Linha 264,Laticínios,1,True,172.74
265,Produto Congelados Linha 265,Limpeza,65,True,58.13
266,Produto Enlatados Linha 266,Grãos,111,True,137.98
267,Produto Carnes Linha 267,Snacks,33,True,135.5
268,Produto Congelados Linha 268,Higiene,38,True,45.86
269,Produto Snacks Linha 269,Carnes,25,True,8.89
270,Produto Limpeza Linha 270,Padaria,26,True,83.03
271,Produto Bebidas Linha 271,Congelados,77,True,59.26
272,Produto Snacks Linha 272,Grãos,59,True,162.18
273,Produto Bebidas Linha 273,Padaria,92,True,160.47
274,Produto Limpeza Linha 274,Enlatados,33,True,92.49
275,Produto Snacks Linha 275,Grãos,101,True,122.09
276,Produto Laticínios Linha 276,Bebidas,41,True,121.64
277,Produto Laticínios Linha 277,Higiene,30,True,165.78
278,Produto Snacks Linha 278,Carnes,57,True,86.15
279,Produto Laticínios Linha 279,Limpeza,49,True,56.54
280,Produto Congelados Linha 280,Higiene,48,True,54.48
281,Produto Enlatados Linha 281,Snacks,72,True,108.17
282,Produto Carnes Linha 282,Enlatados,49,True,90.93
283,Produto Padaria Linha 283,Snacks,47,True,89.14
284,Produto Padaria Linha 284,Laticínios,56,True,20.05
285,Produto Snacks Linha 285,Snacks,65,True,144.28
286,Produto Carnes Linha 286,Carnes,12,True,44.32
287,Produto Carnes Linha 287,Congelados,69,True,41.0
288,Produto Bebidas Linha 288,Higiene,88,True,83.73
289,Produto Grãos Linha 289,Limpeza,6,True,47.1
290,Produto Laticínios Linha 290,Limpeza,89,True,117.6
291,Produto Limpeza Linha 291,Carnes,65,True,75.55
292,Produto Laticínios Linha 292,Limpeza,25,True,90.88
293,Produto Laticínios Linha 293,Snacks,1,True,108.36
294,Produto Enlatados Linha 294,Grãos,32,True,42.3
295,Produto Snacks Linha 295,Laticínios,106,True,32.84
296,Produto Enlatados Linha 296,Bebidas,106,True,176.32
297,Produto Enlatados Linha 297,Grãos,3,True,87.88
298,Produto Enlatados Linha 298,Limpeza,49,True,83.59
299,Produto Grãos Linha 299,Enlatados,19,True,9.05
300,Produto Carnes Linha 300,Padaria,60,True,100.6
301,Produto Limpeza Linha 301,Padaria,107,True,111.73
302,Produto Carnes Linha 302,Limpeza,29,False,112.65
303,Produto Laticínios Linha 303,Padaria,50,True,141.99
304,Produto Higiene Linha 304,Limpeza,2,True,37.14
305,Produto Limpeza Linha 305,Grãos,73,True,51.94
306,Produto Carnes Linha 306,Higiene,56,True,162.52
307,Produto Enlatados Linha 307,Congelados,17,True,189.54
308,Produto Higiene Linha 308,Limpeza,60,True,28.91
309,Produto Grãos Linha 309,Snacks,110,False,100.53
310,Produto Laticínios Linha 310,Limpeza,36,True,44.41
311,Produto Carnes Linha 311,Padaria,61,True,13.89
312,Produto Higiene Linha 312,Carnes,17,True,66.45
313,Produto Enlatados Linha 313,Limpeza,49,True,30.45
314,Produto Padaria Linha 314,Snacks,76,True,142.57
315,Produto Padaria Linha 315,Padaria,60,True,107.68
316,Produto Limpeza Linha 316,Snacks,20,True,30.48
317,Produto Laticínios Linha 317,Snacks,50,True,3.83
318,Produto Limpeza Linha 318,Padaria,3,True,162.02
319,Produto Grãos Linha 319,Padaria,43,True,36.89
320,Produto Laticínios Linha 320,Grãos,57,True,122.03
321,Produto Congelados Linha 321,Snacks,50,True,68.71
322,Produto Higiene Linha 322,Grãos,68,True,117.93
323,Produto Bebidas Linha 323,Bebidas,81,True,64.5
324,Produto Snacks Linha 324,Limpeza,50,True,19.21
325,Produto Bebidas Linha 325,Congelados,37,True,46.14
326,Produto Congelados Linha 326,Laticínios,46,True,39.24
327,Produto Bebidas Linha 327,Enlatados,42,True,86.75
328,Produto Limpeza Linha 328,Carnes,15,True,132.34
329,Produto Laticínios Linha 329,Snacks,33,True,54.23
330,Produto Carnes Linha 330,Limpeza,80,True,4.39
331,Produto Bebidas Linha 331,Laticínios,11,True,104.75
332,Produto Congelados Linha 332,Congelados,119,True,121.94
333,Produto Bebidas Linha 333,Grãos,20,True,192.65
334,Produto Bebidas Linha 334,Grãos,102,True,118.72
335,Produto Limpeza Linha 335,Snacks,24,True,95.29
336,Produto Enlatados Linha 336,Higiene,64,True,115.53
337,Produto Higiene Linha 337,Laticínios,118,True,185.72
338,Produto Bebidas Linha 338,Grãos,80,True,166.02
339,Produto Snacks Linha 339,Enlatados,94,True,65.95
340,Produto Snacks Linha 340,Padaria,98,True,48.98
341,Produto Limpeza Linha 341,Higiene,65,True,54.0
342,Produto Laticínios Linha 342,Carnes,88,False,101.88
343,Produto Carnes Linha 343,Limpeza,88,True,149.32
344,Produto Padaria Linha 344,Bebidas,73,True,101.64
345,Produto Snacks Linha 345,Grãos,86,True,15.42
346,Produto Grãos Linha 346,Padaria,76,True,145.27
347,Produto Carnes Linha 347,Padaria,17,True,161.58
348,Produto Congelados Linha 348,Bebidas,89,True,59.32
349,Produto Padaria Linha 349,Limpeza,92,True,133.5
350,Produto Limpeza Linha 350,Limpeza,61,True,86.47
351,Produto Laticínios Linha 351,Snacks,15,True,178.05
352,Produto Carnes Linha 352,Grãos,94,True,169.35
353,Produto Snacks Linha 353,Congelados,51,True,106.04
354,Produto Limpeza Linha 354,Carnes,27,True,138.92
355,Produto Snacks Linha 355,Higiene,86,True,176.9
356,Produto Carnes Linha 356,Limpeza,74,True,100.15
357,Produto Grãos Linha 357,Grãos,61,True,64.02
358,Produto Carnes Linha 358,Limpeza,58,True,151.23
359,Produto Congelados Linha 359,Snacks,31,True,45.57
360,Produto Carnes Linha 360,Congelados,91,True,78.93
361,Produto Grãos Linha 361,Padaria,12,False,173.41
362,Produto Bebidas Linha 362,Padaria,46,True,145.44
363,Produto Snacks Linha 363,Snacks,31,True,81.95
364,Produto Bebidas Linha 364,Snacks,32,True,44.52
365,Produto Congelados Linha 365,Laticínios,32,True,72.48
366,Produto Laticínios Linha 366,Higiene,105,True,58.25
367,Produto Higiene Linha 367,Bebidas,109,True,36.87
368,Produto Higiene Linha 368,Padaria,99,True,149.18
369,Produto Laticínios Linha 369,Congelados,53,True,51.91
370,Produto Limpeza Linha 370,Congelados,61,True,91.93
371,Produto Carnes Linha 371,Higiene,46,True,78.4
372,Produto Snacks Linha 372,Padaria,85,True,196.45
373,Produto Congelados Linha 373,Enlatados,74,True,79.44
374,Produto Carnes Linha 374,Enlatados,80,True,17.84
375,Produto Laticínios Linha 375,Bebidas,7,True,19.79
376,Produto Grãos Linha 376,Higiene,4,True,118.97
377,Produto Padaria Linha 377,Higiene,91,True,120.67
378,Produto Snacks Linha 378,Padaria,52,True,84.91
379,Produto Carnes Linha 379,Carnes,119,False,87.51
380,Produto Snacks Linha 380,Higiene,89,True,12.68
381,Produto Limpeza Linha 381,Bebidas,31,True,104.28
382,Produto Grãos Linha 382,Bebidas,75,True,101.94
383,Produto Congelados Linha 383,Enlatados,112,True,31.61
384,Produto Enlatados Linha 384,Laticínios,84,True,22.56
385,Produto Grãos Linha 385,Limpeza,36,False,26.47
386,Produto Laticínios Linha 386,Grãos,54,True,22.0
387,Produto Congelados Linha 387,Carnes,54,False,122.72
388,Produto Laticínios Linha 388,Grãos,119,True,40.9
389,Produto Limpeza Linha 389,Enlatados,17,True,51.78
390,Produto Padaria Linha 390,Congelados,109,True,36.37
391,Produto Limpeza Linha 391,Carnes,75,True,191.65
392,Produto Carnes Linha 392,Snacks,30,True,171.21
393,Produto Padaria Linha 393,Grãos,99,True,47.64
394,Produto Grãos Linha 394,Limpeza,105,True,66.86
395,Produto Padaria Linha 395,Laticínios,102,True,43.56
396,Produto Enlatados Linha 396,Higiene,22,True,99.39
397,Produto Bebidas Linha 397,Grãos,117,True,5.88
398,Produto Limpeza Linha 398,Higiene,43,True,134.93
399,Produto Bebidas Linha 399,Padaria,112,True,105.59
400,Produto Grãos Linha 400,Snacks,115,True,179.93
401,Produto Snacks Linha 401,Grãos,27,True,34.55
402,Produto Laticínios Linha 402,Higiene,37,True,161.21
403,Produto Congelados Linha 403,Carnes,46,True,158.81
404,Produto Laticínios Linha 404,Snacks,113,True,27.18
405,Produto Limpeza Linha 405,Carnes,35,True,80.91
406,Produto Congelados Linha 406,Limpeza,4,True,35.69
407,Produto Snacks Linha 407,Bebidas,80,False,52.43
408,Produto Snacks Linha 408,Laticínios,80,True,54.12
409,Produto Congelados Linha 409,Bebidas,85,True,112.13
410,Produto Congelados Linha 410,Limpeza,26,False,83.46
411,Produto Enlatados Linha 411,Congelados,100,True,189.65
412,Produto Congelados Linha 412,Grãos,19,True,27.02
413,Produto Padaria Linha 413,Limpeza,81,False,194.79
414,Produto Higiene Linha 414,Carnes,45,True,47.67
415,Produto Limpeza Linha 415,Limpeza,26,True,155.03
416,Produto Carnes Linha 416,Enlatados,22,True,69.12
417,Produto Grãos Linha 417,Congelados,119,True,30.33
418,Produto Padaria Linha 418,Bebidas,58,True,171.86
419,Produto Higiene Linha 419,Enlatados,63,True,63.15
420,Produto Enlatados Linha 420,Limpeza,120,True,132.45
421,Produto Enlatados Linha 421,Enlatados,28,True,114.16
422,Produto Enlatados Linha 422,Carnes,65,True,95.41
423,Produto Enlatados Linha 423,Limpeza,44,True,100.17
424,Produto Laticínios Linha 424,Snacks,100,True,146.98
425,Produto Grãos Linha 425,Bebidas,43,True,19.38
426,Produto Bebidas Linha 426,Higiene,37,True,134.3
427,Produto Grãos Linha 427,Limpeza,66,True,179.37
428,Produto Laticínios Linha 428,Snacks,17,True,13.44
429,Produto Limpeza Linha 429,Snacks,40,True,29.85
430,Produto Congelados Linha 430,Bebidas,38,True,143.89
431,Produto Grãos Linha 431,Congelados,85,True,88.58
432,Produto Snacks Linha 432,Bebidas,61,True,81.9
433,Produto Enlatados Linha 433,Carnes,9,True,29.12
434,Produto Higiene Linha 434,Grãos,77,True,102.34
435,Produto Grãos Linha 435,Laticínios,75,False,27.06
436,Produto Higiene Linha 436,Laticínios,61,True,96.37
437,Produto Bebidas Linha 437,Carnes,80,True,153.2
438,Produto Congelados Linha 438,Carnes,16,True,53.14
439,Produto Bebidas Linha 439,Laticínios,2,True,97.2
440,Produto Padaria Linha 440,Congelados,106,False,198.42
441,Produto Laticínios Linha 441,Carnes,108,True,137.96
442,Produto Higiene Linha 442,Padaria,72,True,168.59
443,Produto Snacks Linha 443,Laticínios,43,True,84.14
444,Produto Snacks Linha 444,Limpeza,42,True,154.04
445,Produto Congelados Linha 445,Limpeza,77,True,10.02
446,Produto Carnes Linha 446,Limpeza,57,True,26.34
447,Produto Limpeza Linha 447,Laticínios,81,True,42.21
448,Produto Bebidas Linha 448,Enlatados,103,True,81.59
449,Produto Congelados Linha 449,Limpeza,88,True,169.46
450,Produto Bebidas Linha 450,Laticínios,67,True,70.56
451,Produto Bebidas Linha 451,Grãos,30,True,131.61
452,Produto Higiene Linha 452,Enlatados,116,True,142.44
453,Produto Enlatados Linha 453,Congelados,13,True,118.06
454,Produto Padaria Linha 454,Bebidas,19,True,72.73
455,Produto Limpeza Linha 455,Congelados,7,True,116.26
456,Produto Congelados Linha 456,Enlatados,9,True,69.77
457,Produto Bebidas Linha 457,Enlatados,83,True,18.61
458,Produto Enlatados Linha 458,Carnes,109,True,198.58
459,Produto Congelados Linha 459,Congelados,54,True,27.18
460,Produto Congelados Linha 460,Laticínios,104,True,16.32
461,Produto Carnes Linha 461,Padaria,86,True,175.95
462,Produto Congelados Linha 462,Grãos,82,True,61.76
463,Produto Limpeza Linha 463,Carnes,61,True,130.76
464,Produto Bebidas Linha 464,Laticínios,87,True,67.14
465,Produto Padaria Linha 465,Higiene,2,True,79.51
466,Produto Laticínios Linha 466,Padaria,50,True,53.9
467,Produto Grãos Linha 467,Padaria,114,True,69.92
468,Produto Carnes Linha 468,Bebidas,75,True,83.32
469,Produto Padaria Linha 469,Congelados,31,True,144.64
470,Produto Limpeza Linha 470,Bebidas,33,True,103.28
471,Produto Laticínios Linha 471,Bebidas,78,True,188.83
472,Produto Padaria Linha 472,Padaria,80,True,10.29
473,Produto Grãos Linha 473,Grãos,11,True,101.61
474,Produto Padaria Linha 474,Bebidas,33,True,117.68
475,Produto Snacks Linha 475,Bebidas,7,True,184.2
476,Produto Snacks Linha 476,Padaria,31,False,11.73
477,Produto Bebidas Linha 477,Padaria,48,False,115.55
478,Produto Bebidas Linha 478,Carnes,110,True,171.02
479,Produto Enlatados Linha 479,Carnes,47,True,49.9
480,Produto Padaria Linha 480,Congelados,78,True,175.51
481,Produto Laticínios Linha 481,Limpeza,92,True,5.77
482,Produto Higiene Linha 482,Limpeza,53,True,147.03
483,Produto Bebidas Linha 483,Enlatados,107,True,186.76
484,Produto Padaria Linha 484,Enlatados,80,True,132.13
485,Produto Limpeza Linha 485,Bebidas,19,True,88.93
486,Produto Carnes Linha 486,Congelados,81,True,10.89
487,Produto Enlatados Linha 487,Higiene,90,True,184.18
488,Produto Padaria Linha 488,Grãos,6,True,95.12
489,Produto Limpeza Linha 489,Bebidas,107,False,7.74
490,Produto Enlatados Linha 490,Enlatados,49,True,138.58
491,Produto Bebidas Linha 491,Congelados,73,True,97.4
492,Produto Carnes Linha 492,Laticínios,50,True,26.62
493,Produto Carnes Linha 493,Bebidas,81,True,44.43
494,Produto Snacks Linha 494,Padaria,95,True,14.77
495,Produto Padaria Linha 495,Snacks,12,True,115.71
496,Produto Snacks Linha 496,Bebidas,23,True,125.16
497,Produto Higiene Linha 497,Padaria,54,True,102.14
498,Produto Enlatados Linha 498,Padaria,118,True,163.79
499,Produto Snacks Linha 499,Snacks,69,False,172.48
500,Produto Higiene Linha 500,Grãos,107,True,123.89
501,Produto Padaria Linha 501,Bebidas,100,False,4.53
502,Produto Higiene Linha 502,Limpeza,59,True,139.66
503,Produto Enlatados Linha 503,Laticínios,36,True,84.76
504,Produto Bebidas Linha 504,Snacks,3,True,113.98
505,Produto Enlatados Linha 505,Limpeza,58,True,130.52
506,Produto Enlatados Linha 506,Congelados,88,True,71.35
507,Produto Enlatados Linha 507,Carnes,55,True,183.59
508,Produto Higiene Linha 508,Enlatados,57,True,28.53
509,Produto Padaria Linha 509,Padaria,17,True,134.96
510,Produto Grãos Linha 510,Carnes,39,True,2.86
511,Produto Higiene Linha 511,Congelados,90,True,185.08
512,Produto Snacks Linha 512,Bebidas,68,True,24.28
513,Produto Bebidas Linha 513,Snacks,55,True,20.79
514,Produto Enlatados Linha 514,Higiene,45,True,67.94
515,Produto Bebidas Linha 515,Higiene,76,True,75.97
516,Produto Grãos Linha 516,Congelados,1,True,44.43
517,Produto Carnes Linha 517,Limpeza,21,True,117.85
518,Produto Padaria Linha 518,Congelados,83,True,89.7
519,Produto Laticínios Linha 519,Enlatados,21,True,8.77
520,Produto Laticínios Linha 520,Carnes,52,True,65.29
521,Produto Laticínios Linha 521,Padaria,82,True,162.47
522,Produto Carnes Linha 522,Snacks,43,True,138.56
523,Produto Grãos Linha 523,Higiene,52,False,145.52
524,Produto Laticínios Linha 524,Limpeza,67,True,140.23
525,Produto Carnes Linha 525,Padaria,113,True,63.57
526,Produto Congelados Linha 526,Limpeza,44,True,21.73
527,Produto Limpeza Linha 527,Higiene,32,True,55.95
528,Produto Carnes Linha 528,Enlatados,10,True,166.69
529,Produto Higiene Linha 529,Laticínios,64,True,196.13
530,Produto Enlatados Linha 530,Higiene,104,False,99.78
531,Produto Higiene Linha 531,Grãos,79,True,3.92
532,Produto Congelados Linha 532,Bebidas,69,False,29.73
533,Produto Higiene Linha 533,Grãos,68,True,65.77
534,Produto Higiene Linha 534,Snacks,28,True,116.56
535,Produto Snacks Linha 535,Congelados,53,True,16.87
536,Produto Higiene Linha 536,Enlatados,116,True,188.78
537,Produto Laticínios Linha 537,Padaria,51,True,74.29
538,Produto Laticínios Linha 538,Carnes,53,False,182.69
539,Produto Enlatados Linha 539,Laticínios,4,True,156.54
540,Produto Padaria Linha 540,Bebidas,79,True,151.58
541,Produto Laticínios Linha 541,Enlatados,17,True,122.13
542,Produto Congelados Linha 542,Laticínios,108,True,126.1
543,Produto Grãos Linha 543,Padaria,67,True,128.32
544,Produto Padaria Linha 544,Padaria,74,True,126.49
545,Produto Carnes Linha 545,Snacks,47,True,111.64
546,Produto Congelados Linha 546,Higiene,106,True,197.31
547,Produto Bebidas Linha 547,Padaria,56,True,146.99
548,Produto Grãos Linha 548,Snacks,23,True,155.84
549,Produto Grãos Linha 549,Higiene,18,False,174.75
550,Produto Laticínios Linha 550,Limpeza,1,True,44.7
551,Produto Laticínios Linha 551,Grãos,35,True,18.59
552,Produto Padaria Linha 552,Bebidas,64,True,97.61
553,Produto Bebidas Linha 553,Padaria,117,True,103.79
554,Produto Enlatados Linha 554,Snacks,58,True,166.18
555,Produto Carnes Linha 555,Higiene,95,True,89.87
556,Produto Laticínios Linha 556,Padaria,59,True,115.03
557,Produto Laticínios Linha 557,Congelados,108,True,106.36
558,Produto Padaria Linha 558,Bebidas,1,True,9.56
559,Produto Enlatados Linha 559,Higiene,3,True,123.81
560,Produto Snacks Linha 560,Bebidas,67,True,165.95
561,Produto Limpeza Linha 561,Padaria,37,True,33.19
562,Produto Grãos Linha 562,Carnes,83,True,119.68
563,Produto Carnes Linha 563,Limpeza,29,True,119.53
564,Produto Grãos Linha 564,Padaria,89,False,34.51
565,Produto Snacks Linha 565,Grãos,33,True,26.45
566,Produto Bebidas Linha 566,Enlatados,100,True,196.05
567,Produto Congelados Linha 567,Limpeza,61,True,79.96
568,Produto Padaria Linha 568,Grãos,93,True,47.03
569,Produto Padaria Linha 569,Enlatados,90,False,35.92
570,Produto Limpeza Linha 570,Snacks,4,True,134.19
571,Produto Bebidas Linha 571,Carnes,113,True,122.67
572,Produto Snacks Linha 572,Grãos,14,True,129.42
573,Produto Bebidas Linha 573,Grãos,114,True,19.43
574,Produto Carnes Linha 574,Congelados,91,False,178.92
575,Produto Limpeza Linha 575,Snacks,33,True,79.07
576,Produto Higiene Linha 576,Higiene,22,True,64.05
577,Produto Carnes Linha 577,Padaria,48,True,93.55
578,Produto Limpeza Linha 578,Laticínios,3,True,79.23
579,Produto Grãos Linha 579,Snacks,87,True,172.99
580,Produto Padaria Linha 580,Laticínios,85,True,185.99
581,Produto Bebidas Linha 581,Bebidas,105,False,62.08
582,Produto Enlatados Linha 582,Bebidas,23,True,173.06
583,Produto Enlatados Linha 583,Snacks,68,True,156.74
584,Produto Carnes Linha 584,Bebidas,21,False,186.3
585,Produto Higiene Linha 585,Bebidas,101,True,50.66
586,Produto Congelados Linha 586,Higiene,43,True,116.24
587,Produto Laticínios Linha 587,Bebidas,95,True,56.36
588,Produto Padaria Linha 588,Higiene,85,True,165.17
589,Produto Carnes Linha 589,Grãos,26,True,3.05
590,Produto Padaria Linha 590,Enlatados,41,False,113.83
591,Produto Limpeza Linha 591,Snacks,99,True,69.16
592,Produto Grãos Linha 592,Carnes,38,True,65.89
593,Produto Bebidas Linha 593,Laticínios,88,True,129.69
594,Produto Grãos Linha 594,Bebidas,11,True,170.59
595,Produto Laticínios Linha 595,Limpeza,105,True,122.62
596,Produto Padaria Linha 596,Padaria,29,True,170.93
597,Produto Snacks Linha 597,Padaria,111,False,54.39
598,Produto Congelados Linha 598,Enlatados,119,True,104.86
599,Produto Higiene Linha 599,Limpeza,60,True,91.21
600,Produto Congelados Linha 600,Laticínios,67,True,4.31
601,Produto Carnes Linha 601,Higiene,65,True,112.25
602,Produto Carnes Linha 602,Enlatados,116,True,132.98
603,Produto Congelados Linha 603,Bebidas,61,True,119.2
604,Produto Limpeza Linha 604,Higiene,118,True,147.78
605,Produto Bebidas Linha 605,Bebidas,19,True,115.13
606,Produto Laticínios Linha 606,Laticínios,46,True,15.22
607,Produto Laticínios Linha 607,Higiene,49,True,25.06
608,Produto Enlatados Linha 608,Carnes,22,True,120.1
609,Produto Congelados Linha 609,Higiene,78,True,56.45
610,Produto Congelados Linha 610,Grãos,113,True,17.77
611,Produto Bebidas Linha 611,Padaria,57,True,87.06
612,Produto Snacks Linha 612,Laticínios,14,True,111.76
613,Produto Carnes Linha 613,Bebidas,44,True,67.09
614,Produto Limpeza Linha 614,Grãos,16,True,144.65
615,Produto Limpeza Linha 615,Carnes,97,True,129.47
616,Produto Bebidas Linha 616,Bebidas,77,True,67.9
617,Produto Carnes Linha 617,Laticínios,102,True,151.46
618,Produto Laticínios Linha 618,Laticínios,113,True,130.44
619,Produto Padaria Linha 619,Padaria,12,True,128.21
620,Produto Bebidas Linha 620,Grãos,55,False,111.58
621,Produto Enlatados Linha 621,Snacks,51,True,4.26
622,Produto Bebidas Linha 622,Congelados,102,True,139.91
623,Produto Snacks Linha 623,Higiene,39,True,76.46
624,Produto Bebidas Linha 624,Higiene,33,False,188.64
625,Produto Enlatados Linha 625,Bebidas,33,True,163.96
626,Produto Snacks Linha 626,Snacks,29,True,118.36
627,Produto Laticínios Linha 627,Grãos,69,True,51.93
628,Produto Padaria Linha 628,Laticínios,70,True,42.34
629,Produto Bebidas Linha 629,Carnes,31,True,69.4
630,Produto Snacks Linha 630,Padaria,80,True,96.36
631,Produto Congelados Linha 631,Laticínios,31,True,60.62
632,Produto Laticínios Linha 632,Enlatados,89,True,103.96
633,Produto Bebidas Linha 633,Enlatados,112,True,34.74
634,Produto Grãos Linha 634,Bebidas,46,True,195.59
635,Produto Snacks Linha 635,Bebidas,97,True,23.37
636,Produto Enlatados Linha 636,Grãos,77,True,186.52
637,Produto Higiene Linha 637,Enlatados,52,True,182.89
638,Produto Snacks Linha 638,Grãos,10,True,106.02
639,Produto Enlatados Linha 639,Enlatados,88,False,145.53
640,Produto Grãos Linha 640,Carnes,74,True,88.34
641,Produto Padaria Linha 641,Bebidas,41,True,126.75
642,Produto Grãos Linha 642,Snacks,95,True,69.43
643,Produto Snacks Linha 643,Bebidas,77,True,61.63
644,Produto Higiene Linha 644,Laticínios,3,True,116.49
645,Produto Limpeza Linha 645,Higiene,59,True,100.63
646,Produto Grãos Linha 646,Higiene,114,True,116.75
647,Produto Grãos Linha 647,Grãos,52,True,58.76
648,Produto Carnes Linha 648,Padaria,34,True,74.66
649,Produto Grãos Linha 649,Higiene,49,True,18.61
650,Produto Congelados Linha 650,Bebidas,28,True,12.35
651,Produto Limpeza Linha 651,Higiene,83,True,52.18
652,Produto Padaria Linha 652,Padaria,87,True,16.7
653,Produto Carnes Linha 653,Padaria,109,True,22.55
654,Produto Higiene Linha 654,Grãos,96,True,162.96
655,Produto Carnes Linha 655,Bebidas,13,True,9.7
656,Produto Enlatados Linha 656,Bebidas,97,True,132.47
657,Produto Higiene Linha 657,Snacks,98,True,55.97
658,Produto Carnes Linha 658,Enlatados,97,True,174.57
659,Produto Limpeza Linha 659,Congelados,120,True,98.03
660,Produto Bebidas Linha 660,Grãos,69,True,62.5
661,Produto Enlatados Linha 661,Padaria,120,True,104.49
662,Produto Higiene Linha 662,Bebidas,67,True,77.63
663,Produto Carnes Linha 663,Higiene,61,True,113.73
664,Produto Bebidas Linha 664,Limpeza,60,True,24.68
665,Produto Grãos Linha 665,Laticínios,71,True,199.4
666,Produto Enlatados Linha 666,Snacks,24,True,86.26
667,Produto Congelados Linha 667,Limpeza,63,True,70.95
668,Produto Padaria Linha 668,Grãos,86,True,142.62
669,Produto Enlatados Linha 669,Grãos,109,True,74.05
670,Produto Carnes Linha 670,Congelados,61,True,166.99
671,Produto Limpeza Linha 671,Carnes,23,True,91.95
672,Produto Padaria Linha 672,Limpeza,30,True,144.47
673,Produto Enlatados Linha 673,Limpeza,60,True,23.28
674,Produto Enlatados Linha 674,Congelados,18,True,169.53
675,Produto Enlatados Linha 675,Congelados,96,True,147.67
676,Produto Grãos Linha 676,Carnes,56,True,43.92
677,Produto Grãos Linha 677,Limpeza,53,True,30.77
678,Produto Grãos Linha 678,Limpeza,7,True,64.63
679,Produto Enlatados Linha 679,Enlatados,97,True,195.26
680,Produto Grãos Linha 680,Carnes,69,True,52.85
681,Produto Limpeza Linha 681,Snacks,113,True,92.31
682,Produto Limpeza Linha 682,Enlatados,92,True,7.94
683,Produto Limpeza Linha 683,Limpeza,72,True,80.65
684,Produto Enlatados Linha 684,Grãos,79,True,115.12
685,Produto Carnes Linha 685,Limpeza,52,False,190.72
686,Produto Congelados Linha 686,Higiene,4,True,104.31
687,Produto Padaria Linha 687,Carnes,34,False,164.18
688,Produto Padaria Linha 688,Grãos,69,False,110.33
689,Produto Padaria Linha 689,Congelados,33,True,10.08
690,Produto Padaria Linha 690,Enlatados,69,True,64.37
691,Produto Snacks Linha 691,Limpeza,38,True,115.96
692,Produto Padaria Linha 692,Enlatados,98,True,190.22
693,Produto Snacks Linha 693,Laticínios,26,True,172.11
694,Produto Limpeza Linha 694,Snacks,1,False,47.21
695,Produto Grãos Linha 695,Higiene,4,True,45.58
696,Produto Congelados Linha 696,Carnes,39,True,41.83
697,Produto Enlatados Linha 697,Limpeza,54,True,184.65
698,Produto Limpeza Linha 698,Limpeza,90,True,170.83
699,Produto Higiene Linha 699,Grãos,33,True,155.43
700,Produto Padaria Linha 700,Grãos,33,True,79.76
701,Produto Enlatados Linha 701,Congelados,72,True,101.87
702,Produto Carnes Linha 702,Carnes,20,True,93.94
703,Produto Grãos Linha 703,Bebidas,16,True,52.17
704,Produto Laticínios Linha 704,Limpeza,21,True,102.0
705,Produto Congelados Linha 705,Congelados,45,True,8.04
706,Produto Grãos Linha 706,Carnes,119,True,28.1
707,Produto Higiene Linha 707,Snacks,120,True,177.54
708,Produto Snacks Linha 708,Limpeza,90,True,150.83
709,Produto Enlatados Linha 709,Congelados,87,True,85.73
710,Produto Bebidas Linha 710,Carnes,82,True,104.4
711,Produto Padaria Linha 711,Snacks,62,True,75.26
712,Produto Padaria Linha 712,Carnes,31,True,148.67
713,Produto Limpeza Linha 713,Padaria,116,True,157.27
714,Produto Congelados Linha 714,Enlatados,42,True,153.13
715,Produto Carnes Linha 715,Laticínios,12,True,145.08
716,Produto Enlatados Linha 716,Enlatados,65,True,42.49
717,Produto Congelados Linha 717,Laticínios,106,True,68.92
718,Produto Enlatados Linha 718,Congelados,73,False,95.03
719,Produto Carnes Linha 719,Congelados,3,True,67.5
720,Produto Grãos Linha 720,Bebidas,115,True,151.48
721,Produto Bebidas Linha 721,Congelados,90,True,67.21
722,Produto Padaria Linha 722,Laticínios,9,True,29.37
723,Produto Enlatados Linha 723,Snacks,106,True,81.01
724,Produto Snacks Linha 724,Bebidas,51,True,196.02
725,Produto Carnes Linha 725,Higiene,16,True,46.72
726,Produto Higiene Linha 726,Congelados,88,True,123.21
727,Produto Snacks Linha 727,Carnes,114,False,87.73
728,Produto Carnes Linha 728,Padaria,78,True,16.06
729,Produto Enlatados Linha 729,Limpeza,3,True,98.6
730,Produto Snacks Linha 730,Grãos,98,True,141.03
731,Produto Padaria Linha 731,Laticínios,97,True,103.62
732,Produto Carnes Linha 732,Limpeza,114,True,174.68
733,Produto Enlatados Linha 733,Limpeza,24,True,59.21
734,Produto Limpeza Linha 734,Congelados,73,True,19.08
735,Produto Grãos Linha 735,Enlatados,13,True,187.44
736,Produto Padaria Linha 736,Congelados,2,True,76.88
737,Produto Carnes Linha 737,Enlatados,71,True,116.13
738,Produto Grãos Linha 738,Padaria,112,True,158.82
739,Produto Limpeza Linha 739,Snacks,21,True,66.21
740,Produto Snacks Linha 740,Limpeza,19,True,143.8
741,Produto Snacks Linha 741,Enlatados,89,True,28.81
742,Produto Congelados Linha 742,Laticínios,47,True,59.68
743,Produto Bebidas Linha 743,Padaria,22,True,30.65
744,Produto Laticínios Linha 744,Grãos,75,True,162.62
745,Produto Laticínios Linha 745,Carnes,33,True,46.08
746,Produto Laticínios Linha 746,Padaria,32,True,144.05
747,Produto Bebidas Linha 747,Bebidas,64,True,188.77
748,Produto Bebidas Linha 748,Congelados,85,True,106.5
749,Produto Bebidas Linha 749,Laticínios,39,True,108.93
750,Produto Limpeza Linha 750,Grãos,84,True,93.28
751,Produto Laticínios Linha 751,Carnes,72,True,66.53
752,Produto Limpeza Linha 752,Laticínios,42,True,96.18
753,Produto Limpeza Linha 753,Higiene,101,True,121.36
754,Produto Padaria Linha 754,Padaria,9,True,197.23
755,Produto Carnes Linha 755,Enlatados,25,True,187.68
756,Produto Padaria Linha 756,Higiene,89,True,172.71
757,Produto Higiene Linha 757,Padaria,97,True,178.05
758,Produto Laticínios Linha 758,Congelados,2,True,94.63
759,Produto Limpeza Linha 759,Laticínios,19,True,132.17
760,Produto Snacks Linha 760,Padaria,110,True,179.22
761,Produto Limpeza Linha 761,Bebidas,20,True,79.8
762,Produto Snacks Linha 762,Bebidas,106,True,192.43
763,Produto Grãos Linha 763,Bebidas,105,True,84.33
764,Produto Grãos Linha 764,Higiene,106,False,121.01
765,Produto Limpeza Linha 765,Laticínios,93,True,142.54
766,Produto Carnes Linha 766,Padaria,70,True,190.22
767,Produto Higiene Linha 767,Carnes,17,True,50.43
768,Produto Higiene Linha 768,Laticínios,89,True,149.73
769,Produto Laticínios Linha 769,Laticínios,102,True,105.12
770,Produto Congelados Linha 770,Higiene,68,True,55.17
771,Produto Carnes Linha 771,Grãos,94,True,155.77
772,Produto Carnes Linha 772,Laticínios,84,True,111.34
773,Produto Carnes Linha 773,Enlatados,3,False,132.87
774,Produto Enlatados Linha 774,Limpeza,87,True,65.93
775,Produto Laticínios Linha 775,Enlatados,51,True,97.29
776,Produto Congelados Linha 776,Bebidas,82,True,124.24
777,Produto Snacks Linha 777,Snacks,26,True,82.17
778,Produto Enlatados Linha 778,Higiene,56,True,41.28
779,Produto Carnes Linha 779,Limpeza,100,True,192.4
780,Produto Congelados Linha 780,Enlatados,64,True,103.27
781,Produto Congelados Linha 781,Limpeza,8,False,147.32
782,Produto Grãos Linha 782,Padaria,81,True,83.39
783,Produto Higiene Linha 783,Higiene,95,True,72.32
784,Produto Padaria Linha 784,Enlatados,37,True,82.62
785,Produto Laticínios Linha 785,Snacks,109,True,83.02
786,Produto Carnes Linha 786,Snacks,97,True,109.75
787,Produto Grãos Linha 787,Grãos,27,True,109.61
788,Produto Laticínios Linha 788,Snacks,45,True,100.44
789,Produto Bebidas Linha 789,Snacks,4,True,28.69
790,Produto Carnes Linha 790,Bebidas,86,True,100.22
791,Produto Enlatados Linha 791,Grãos,90,True,35.48
792,Produto Grãos Linha 792,Bebidas,96,True,26.97
793,Produto Enlatados Linha 793,Grãos,88,True,186.66
794,Produto Grãos Linha 794,Limpeza,110,True,121.78
795,Produto Carnes Linha 795,Limpeza,99,True,132.58
796,Produto Bebidas Linha 796,Bebidas,37,True,81.56
797,Produto Snacks Linha 797,Higiene,96,True,181.98
798,Produto Limpeza Linha 798,Grãos,71,True,128.31
799,Produto Grãos Linha 799,Enlatados,33,True,154.3
800,Produto Snacks Linha 800,Congelados,31,True,74.98
